file,label,score,threshold_pass_050
J:\CLAUDE\PROJECTS\Wakeword\eval_clean\positives\edge_tts\en-AU-NatashaNeural_hey_viola.wav,positive,0.953425,True
J:\CLAUDE\PROJECTS\Wakeword\eval_clean\positives\edge_tts\en-AU-NatashaNeural_hey_viola_noisy.wav,positive,0.952835,True
J:\CLAUDE\PROJECTS\Wakeword\eval_clean\positives\edge_tts\en-AU-NatashaNeural_hey_viola_reverb.wav,positive,0.900366,True
J:\CLAUDE\PROJECTS\Wakeword\eval_clean\positives\edge_tts\en-AU-NatashaNeural_ok_viola.wav,positive,0.999934,True
J:\CLAUDE\PROJECTS\Wakeword\eval_clean\positives\edge_tts\en-AU-NatashaNeural_ok_viola_noisy.wav,positive,0.998400,True
J:\CLAUDE\PROJECTS\Wakeword\eval_clean\positives\edge_tts\en-AU-NatashaNeural_ok_viola_reverb.wav,positive,0.999927,True
J:\CLAUDE\PROJECTS\Wakeword\eval_clean\positives\edge_tts\en-AU-NatashaNeural_viola.wav,positive,0.859538,True
J:\CLAUDE\PROJECTS\Wakeword\eval_clean\positives\edge_tts\en-AU-NatashaNeural_viola_noisy.wav,positive,0.024876,False
J:\CLAUDE\PROJECTS\Wakeword\eval_clean\positives\edge_tts\en-AU-NatashaNeural_viola_reverb.wav,positive,0.560444,True
J:\CLAUDE\PROJECTS\Wakeword\eval_clean\positives\edge_tts\en-AU-WilliamNeural_hey_viola.wav,positive,0.999313,True
J:\CLAUDE\PROJECTS\Wakeword\eval_clean\positives\edge_tts\en-AU-WilliamNeural_hey_viola_noisy.wav,positive,0.987148,True
J:\CLAUDE\PROJECTS\Wakeword\eval_clean\positives\edge_tts\en-AU-WilliamNeural_hey_viola_reverb.wav,positive,0.999991,True
J:\CLAUDE\PROJECTS\Wakeword\eval_clean\positives\edge_tts\en-AU-WilliamNeural_ok_viola.wav,positive,0.999999,True
J:\CLAUDE\PROJECTS\Wakeword\eval_clean\positives\edge_tts\en-AU-WilliamNeural_ok_viola_noisy.wav,positive,0.999976,True
J:\CLAUDE\PROJECTS\Wakeword\eval_clean\positives\edge_tts\en-AU-WilliamNeural_ok_viola_reverb.wav,positive,0.999994,True
J:\CLAUDE\PROJECTS\Wakeword\eval_clean\positives\edge_tts\en-AU-WilliamNeural_viola.wav,positive,0.999845,True
J:\CLAUDE\PROJECTS\Wakeword\eval_clean\positives\edge_tts\en-AU-WilliamNeural_viola_noisy.wav,positive,0.993068,True
J:\CLAUDE\PROJECTS\Wakeword\eval_clean\positives\edge_tts\en-AU-WilliamNeural_viola_reverb.wav,positive,0.999949,True
J:\CLAUDE\PROJECTS\Wakeword\eval_clean\positives\edge_tts\en-CA-ClaraNeural_hey_viola.wav,positive,0.987847,True
J:\CLAUDE\PROJECTS\Wakeword\eval_clean\positives\edge_tts\en-CA-ClaraNeural_hey_viola_noisy.wav,positive,0.942367,True
J:\CLAUDE\PROJECTS\Wakeword\eval_clean\positives\edge_tts\en-CA-ClaraNeural_hey_viola_reverb.wav,positive,0.982343,True
J:\CLAUDE\PROJECTS\Wakeword\eval_clean\positives\edge_tts\en-CA-ClaraNeural_ok_viola.wav,positive,1.000000,True
J:\CLAUDE\PROJECTS\Wakeword\eval_clean\positives\edge_tts\en-CA-ClaraNeural_ok_viola_noisy.wav,positive,0.999977,True
J:\CLAUDE\PROJECTS\Wakeword\eval_clean\positives\edge_tts\en-CA-ClaraNeural_ok_viola_reverb.wav,positive,1.000000,True
J:\CLAUDE\PROJECTS\Wakeword\eval_clean\positives\edge_tts\en-CA-ClaraNeural_viola.wav,positive,0.970791,True
J:\CLAUDE\PROJECTS\Wakeword\eval_clean\positives\edge_tts\en-CA-ClaraNeural_viola_noisy.wav,positive,0.886005,True
J:\CLAUDE\PROJECTS\Wakeword\eval_clean\positives\edge_tts\en-CA-ClaraNeural_viola_reverb.wav,positive,0.908037,True
J:\CLAUDE\PROJECTS\Wakeword\eval_clean\positives\edge_tts\en-CA-LiamNeural_hey_viola.wav,positive,0.988673,True
J:\CLAUDE\PROJECTS\Wakeword\eval_clean\positives\edge_tts\en-CA-LiamNeural_hey_viola_noisy.wav,positive,0.953650,True
J:\CLAUDE\PROJECTS\Wakeword\eval_clean\positives\edge_tts\en-CA-LiamNeural_hey_viola_reverb.wav,positive,0.974629,True
J:\CLAUDE\PROJECTS\Wakeword\eval_clean\positives\edge_tts\en-CA-LiamNeural_ok_viola.wav,positive,0.999725,True
J:\CLAUDE\PROJECTS\Wakeword\eval_clean\positives\edge_tts\en-CA-LiamNeural_ok_viola_noisy.wav,positive,0.990985,True
J:\CLAUDE\PROJECTS\Wakeword\eval_clean\positives\edge_tts\en-CA-LiamNeural_ok_viola_reverb.wav,positive,0.994818,True
J:\CLAUDE\PROJECTS\Wakeword\eval_clean\positives\edge_tts\en-CA-LiamNeural_viola.wav,positive,0.952545,True
J:\CLAUDE\PROJECTS\Wakeword\eval_clean\positives\edge_tts\en-CA-LiamNeural_viola_noisy.wav,positive,0.640752,True
J:\CLAUDE\PROJECTS\Wakeword\eval_clean\positives\edge_tts\en-CA-LiamNeural_viola_reverb.wav,positive,0.861925,True
J:\CLAUDE\PROJECTS\Wakeword\eval_clean\positives\edge_tts\en-GB-LibbyNeural_hey_viola.wav,positive,0.957590,True
J:\CLAUDE\PROJECTS\Wakeword\eval_clean\positives\edge_tts\en-GB-LibbyNeural_hey_viola_noisy.wav,positive,0.870987,True
J:\CLAUDE\PROJECTS\Wakeword\eval_clean\positives\edge_tts\en-GB-LibbyNeural_hey_viola_reverb.wav,positive,0.852724,True
J:\CLAUDE\PROJECTS\Wakeword\eval_clean\positives\edge_tts\en-GB-LibbyNeural_ok_viola.wav,positive,0.999994,True
J:\CLAUDE\PROJECTS\Wakeword\eval_clean\positives\edge_tts\en-GB-LibbyNeural_ok_viola_noisy.wav,positive,0.999642,True
J:\CLAUDE\PROJECTS\Wakeword\eval_clean\positives\edge_tts\en-GB-LibbyNeural_ok_viola_reverb.wav,positive,0.998287,True
J:\CLAUDE\PROJECTS\Wakeword\eval_clean\positives\edge_tts\en-GB-LibbyNeural_viola.wav,positive,0.829342,True
J:\CLAUDE\PROJECTS\Wakeword\eval_clean\positives\edge_tts\en-GB-LibbyNeural_viola_noisy.wav,positive,0.191555,False
J:\CLAUDE\PROJECTS\Wakeword\eval_clean\positives\edge_tts\en-GB-LibbyNeural_viola_reverb.wav,positive,0.446012,False
J:\CLAUDE\PROJECTS\Wakeword\eval_clean\positives\edge_tts\en-GB-RyanNeural_hey_viola.wav,positive,0.972884,True
J:\CLAUDE\PROJECTS\Wakeword\eval_clean\positives\edge_tts\en-GB-RyanNeural_hey_viola_noisy.wav,positive,0.946822,True
J:\CLAUDE\PROJECTS\Wakeword\eval_clean\positives\edge_tts\en-GB-RyanNeural_hey_viola_reverb.wav,positive,0.916535,True
J:\CLAUDE\PROJECTS\Wakeword\eval_clean\positives\edge_tts\en-GB-RyanNeural_ok_viola.wav,positive,0.997176,True
J:\CLAUDE\PROJECTS\Wakeword\eval_clean\positives\edge_tts\en-GB-RyanNeural_ok_viola_noisy.wav,positive,0.986648,True
J:\CLAUDE\PROJECTS\Wakeword\eval_clean\positives\edge_tts\en-GB-RyanNeural_ok_viola_reverb.wav,positive,0.998094,True
J:\CLAUDE\PROJECTS\Wakeword\eval_clean\positives\edge_tts\en-GB-RyanNeural_viola.wav,positive,0.947066,True
J:\CLAUDE\PROJECTS\Wakeword\eval_clean\positives\edge_tts\en-GB-RyanNeural_viola_noisy.wav,positive,0.879924,True
J:\CLAUDE\PROJECTS\Wakeword\eval_clean\positives\edge_tts\en-GB-RyanNeural_viola_reverb.wav,positive,0.855842,True
J:\CLAUDE\PROJECTS\Wakeword\eval_clean\positives\edge_tts\en-GB-SoniaNeural_hey_viola.wav,positive,0.999999,True
J:\CLAUDE\PROJECTS\Wakeword\eval_clean\positives\edge_tts\en-GB-SoniaNeural_hey_viola_noisy.wav,positive,0.999993,True
J:\CLAUDE\PROJECTS\Wakeword\eval_clean\positives\edge_tts\en-GB-SoniaNeural_hey_viola_reverb.wav,positive,0.998622,True
J:\CLAUDE\PROJECTS\Wakeword\eval_clean\positives\edge_tts\en-GB-SoniaNeural_ok_viola.wav,positive,0.881036,True
J:\CLAUDE\PROJECTS\Wakeword\eval_clean\positives\edge_tts\en-GB-SoniaNeural_ok_viola_noisy.wav,positive,0.985252,True
J:\CLAUDE\PROJECTS\Wakeword\eval_clean\positives\edge_tts\en-GB-SoniaNeural_ok_viola_reverb.wav,positive,0.935925,True
J:\CLAUDE\PROJECTS\Wakeword\eval_clean\positives\edge_tts\en-GB-SoniaNeural_viola.wav,positive,0.999992,True
J:\CLAUDE\PROJECTS\Wakeword\eval_clean\positives\edge_tts\en-GB-SoniaNeural_viola_noisy.wav,positive,0.992930,True
J:\CLAUDE\PROJECTS\Wakeword\eval_clean\positives\edge_tts\en-GB-SoniaNeural_viola_reverb.wav,positive,0.999999,True
J:\CLAUDE\PROJECTS\Wakeword\eval_clean\positives\edge_tts\en-GB-ThomasNeural_hey_viola.wav,positive,0.957672,True
J:\CLAUDE\PROJECTS\Wakeword\eval_clean\positives\edge_tts\en-GB-ThomasNeural_hey_viola_noisy.wav,positive,0.527202,True
J:\CLAUDE\PROJECTS\Wakeword\eval_clean\positives\edge_tts\en-GB-ThomasNeural_hey_viola_reverb.wav,positive,0.901820,True
J:\CLAUDE\PROJECTS\Wakeword\eval_clean\positives\edge_tts\en-GB-ThomasNeural_ok_viola.wav,positive,0.897615,True
J:\CLAUDE\PROJECTS\Wakeword\eval_clean\positives\edge_tts\en-GB-ThomasNeural_ok_viola_noisy.wav,positive,0.963932,True
J:\CLAUDE\PROJECTS\Wakeword\eval_clean\positives\edge_tts\en-GB-ThomasNeural_ok_viola_reverb.wav,positive,0.886229,True
J:\CLAUDE\PROJECTS\Wakeword\eval_clean\positives\edge_tts\en-GB-ThomasNeural_viola.wav,positive,0.976730,True
J:\CLAUDE\PROJECTS\Wakeword\eval_clean\positives\edge_tts\en-GB-ThomasNeural_viola_noisy.wav,positive,0.082860,False
J:\CLAUDE\PROJECTS\Wakeword\eval_clean\positives\edge_tts\en-GB-ThomasNeural_viola_reverb.wav,positive,0.920820,True
J:\CLAUDE\PROJECTS\Wakeword\eval_clean\positives\edge_tts\en-IE-ConnorNeural_hey_viola.wav,positive,0.969889,True
J:\CLAUDE\PROJECTS\Wakeword\eval_clean\positives\edge_tts\en-IE-ConnorNeural_hey_viola_noisy.wav,positive,0.714969,True
J:\CLAUDE\PROJECTS\Wakeword\eval_clean\positives\edge_tts\en-IE-ConnorNeural_hey_viola_reverb.wav,positive,0.951635,True
J:\CLAUDE\PROJECTS\Wakeword\eval_clean\positives\edge_tts\en-IE-ConnorNeural_ok_viola.wav,positive,0.994614,True
J:\CLAUDE\PROJECTS\Wakeword\eval_clean\positives\edge_tts\en-IE-ConnorNeural_ok_viola_noisy.wav,positive,0.982234,True
J:\CLAUDE\PROJECTS\Wakeword\eval_clean\positives\edge_tts\en-IE-ConnorNeural_ok_viola_reverb.wav,positive,0.952547,True
J:\CLAUDE\PROJECTS\Wakeword\eval_clean\positives\edge_tts\en-IE-ConnorNeural_viola.wav,positive,0.918838,True
J:\CLAUDE\PROJECTS\Wakeword\eval_clean\positives\edge_tts\en-IE-ConnorNeural_viola_noisy.wav,positive,0.144179,False
J:\CLAUDE\PROJECTS\Wakeword\eval_clean\positives\edge_tts\en-IE-ConnorNeural_viola_reverb.wav,positive,0.783141,True
J:\CLAUDE\PROJECTS\Wakeword\eval_clean\positives\edge_tts\en-IE-EmilyNeural_hey_viola.wav,positive,0.940373,True
J:\CLAUDE\PROJECTS\Wakeword\eval_clean\positives\edge_tts\en-IE-EmilyNeural_hey_viola_noisy.wav,positive,0.001788,False
J:\CLAUDE\PROJECTS\Wakeword\eval_clean\positives\edge_tts\en-IE-EmilyNeural_hey_viola_reverb.wav,positive,0.785626,True
J:\CLAUDE\PROJECTS\Wakeword\eval_clean\positives\edge_tts\en-IE-EmilyNeural_ok_viola.wav,positive,0.100726,False
J:\CLAUDE\PROJECTS\Wakeword\eval_clean\positives\edge_tts\en-IE-EmilyNeural_ok_viola_noisy.wav,positive,0.084971,False
J:\CLAUDE\PROJECTS\Wakeword\eval_clean\positives\edge_tts\en-IE-EmilyNeural_ok_viola_reverb.wav,positive,0.026248,False
J:\CLAUDE\PROJECTS\Wakeword\eval_clean\positives\edge_tts\en-IE-EmilyNeural_viola.wav,positive,0.625324,True
J:\CLAUDE\PROJECTS\Wakeword\eval_clean\positives\edge_tts\en-IE-EmilyNeural_viola_noisy.wav,positive,0.105830,False
J:\CLAUDE\PROJECTS\Wakeword\eval_clean\positives\edge_tts\en-IE-EmilyNeural_viola_reverb.wav,positive,0.100057,False
J:\CLAUDE\PROJECTS\Wakeword\eval_clean\positives\edge_tts\en-IN-NeerjaNeural_hey_viola.wav,positive,0.996115,True
J:\CLAUDE\PROJECTS\Wakeword\eval_clean\positives\edge_tts\en-IN-NeerjaNeural_hey_viola_noisy.wav,positive,0.963226,True
J:\CLAUDE\PROJECTS\Wakeword\eval_clean\positives\edge_tts\en-IN-NeerjaNeural_hey_viola_reverb.wav,positive,0.981224,True
J:\CLAUDE\PROJECTS\Wakeword\eval_clean\positives\edge_tts\en-IN-NeerjaNeural_ok_viola.wav,positive,0.995045,True
J:\CLAUDE\PROJECTS\Wakeword\eval_clean\positives\edge_tts\en-IN-NeerjaNeural_ok_viola_noisy.wav,positive,0.996996,True
J:\CLAUDE\PROJECTS\Wakeword\eval_clean\positives\edge_tts\en-IN-NeerjaNeural_ok_viola_reverb.wav,positive,0.999780,True
J:\CLAUDE\PROJECTS\Wakeword\eval_clean\positives\edge_tts\en-IN-NeerjaNeural_viola.wav,positive,0.973726,True
J:\CLAUDE\PROJECTS\Wakeword\eval_clean\positives\edge_tts\en-IN-NeerjaNeural_viola_noisy.wav,positive,0.924098,True
J:\CLAUDE\PROJECTS\Wakeword\eval_clean\positives\edge_tts\en-IN-NeerjaNeural_viola_reverb.wav,positive,0.253351,False
J:\CLAUDE\PROJECTS\Wakeword\eval_clean\positives\edge_tts\en-IN-PrabhatNeural_hey_viola.wav,positive,0.999909,True
J:\CLAUDE\PROJECTS\Wakeword\eval_clean\positives\edge_tts\en-IN-PrabhatNeural_hey_viola_noisy.wav,positive,0.710362,True
J:\CLAUDE\PROJECTS\Wakeword\eval_clean\positives\edge_tts\en-IN-PrabhatNeural_hey_viola_reverb.wav,positive,0.995748,True
J:\CLAUDE\PROJECTS\Wakeword\eval_clean\positives\edge_tts\en-IN-PrabhatNeural_ok_viola.wav,positive,0.999948,True
J:\CLAUDE\PROJECTS\Wakeword\eval_clean\positives\edge_tts\en-IN-PrabhatNeural_ok_viola_noisy.wav,positive,0.908446,True
J:\CLAUDE\PROJECTS\Wakeword\eval_clean\positives\edge_tts\en-IN-PrabhatNeural_ok_viola_reverb.wav,positive,0.999880,True
J:\CLAUDE\PROJECTS\Wakeword\eval_clean\positives\edge_tts\en-IN-PrabhatNeural_viola.wav,positive,0.995334,True
J:\CLAUDE\PROJECTS\Wakeword\eval_clean\positives\edge_tts\en-IN-PrabhatNeural_viola_noisy.wav,positive,0.235259,False
J:\CLAUDE\PROJECTS\Wakeword\eval_clean\positives\edge_tts\en-IN-PrabhatNeural_viola_reverb.wav,positive,0.653326,True
J:\CLAUDE\PROJECTS\Wakeword\eval_clean\positives\edge_tts\en-US-AnaNeural_hey_viola.wav,positive,0.995388,True
J:\CLAUDE\PROJECTS\Wakeword\eval_clean\positives\edge_tts\en-US-AnaNeural_hey_viola_noisy.wav,positive,0.889150,True
J:\CLAUDE\PROJECTS\Wakeword\eval_clean\positives\edge_tts\en-US-AnaNeural_hey_viola_reverb.wav,positive,0.972293,True
J:\CLAUDE\PROJECTS\Wakeword\eval_clean\positives\edge_tts\en-US-AnaNeural_ok_viola.wav,positive,0.999993,True
J:\CLAUDE\PROJECTS\Wakeword\eval_clean\positives\edge_tts\en-US-AnaNeural_ok_viola_noisy.wav,positive,0.973373,True
J:\CLAUDE\PROJECTS\Wakeword\eval_clean\positives\edge_tts\en-US-AnaNeural_ok_viola_reverb.wav,positive,0.999277,True
J:\CLAUDE\PROJECTS\Wakeword\eval_clean\positives\edge_tts\en-US-AnaNeural_viola.wav,positive,0.936326,True
J:\CLAUDE\PROJECTS\Wakeword\eval_clean\positives\edge_tts\en-US-AnaNeural_viola_noisy.wav,positive,0.654332,True
J:\CLAUDE\PROJECTS\Wakeword\eval_clean\positives\edge_tts\en-US-AnaNeural_viola_reverb.wav,positive,0.808234,True
J:\CLAUDE\PROJECTS\Wakeword\eval_clean\positives\edge_tts\en-US-AndrewNeural_hey_viola.wav,positive,0.999883,True
J:\CLAUDE\PROJECTS\Wakeword\eval_clean\positives\edge_tts\en-US-AndrewNeural_hey_viola_noisy.wav,positive,0.977940,True
J:\CLAUDE\PROJECTS\Wakeword\eval_clean\positives\edge_tts\en-US-AndrewNeural_hey_viola_reverb.wav,positive,0.999984,True
J:\CLAUDE\PROJECTS\Wakeword\eval_clean\positives\edge_tts\en-US-AndrewNeural_ok_viola.wav,positive,0.991108,True
J:\CLAUDE\PROJECTS\Wakeword\eval_clean\positives\edge_tts\en-US-AndrewNeural_ok_viola_noisy.wav,positive,0.939845,True
J:\CLAUDE\PROJECTS\Wakeword\eval_clean\positives\edge_tts\en-US-AndrewNeural_ok_viola_reverb.wav,positive,0.991098,True
J:\CLAUDE\PROJECTS\Wakeword\eval_clean\positives\edge_tts\en-US-AndrewNeural_viola.wav,positive,0.999142,True
J:\CLAUDE\PROJECTS\Wakeword\eval_clean\positives\edge_tts\en-US-AndrewNeural_viola_noisy.wav,positive,0.783141,True
J:\CLAUDE\PROJECTS\Wakeword\eval_clean\positives\edge_tts\en-US-AndrewNeural_viola_reverb.wav,positive,0.999972,True
J:\CLAUDE\PROJECTS\Wakeword\eval_clean\positives\edge_tts\en-US-AriaNeural_hey_viola.wav,positive,0.895289,True
J:\CLAUDE\PROJECTS\Wakeword\eval_clean\positives\edge_tts\en-US-AriaNeural_hey_viola_noisy.wav,positive,0.865982,True
J:\CLAUDE\PROJECTS\Wakeword\eval_clean\positives\edge_tts\en-US-AriaNeural_hey_viola_reverb.wav,positive,0.877579,True
J:\CLAUDE\PROJECTS\Wakeword\eval_clean\positives\edge_tts\en-US-AriaNeural_ok_viola.wav,positive,0.994530,True
J:\CLAUDE\PROJECTS\Wakeword\eval_clean\positives\edge_tts\en-US-AriaNeural_ok_viola_noisy.wav,positive,0.992099,True
J:\CLAUDE\PROJECTS\Wakeword\eval_clean\positives\edge_tts\en-US-AriaNeural_ok_viola_reverb.wav,positive,0.996681,True
J:\CLAUDE\PROJECTS\Wakeword\eval_clean\positives\edge_tts\en-US-AriaNeural_viola.wav,positive,0.930114,True
J:\CLAUDE\PROJECTS\Wakeword\eval_clean\positives\edge_tts\en-US-AriaNeural_viola_noisy.wav,positive,0.095403,False
J:\CLAUDE\PROJECTS\Wakeword\eval_clean\positives\edge_tts\en-US-AriaNeural_viola_reverb.wav,positive,0.838336,True
J:\CLAUDE\PROJECTS\Wakeword\eval_clean\positives\edge_tts\en-US-BrianNeural_hey_viola.wav,positive,1.000000,True
J:\CLAUDE\PROJECTS\Wakeword\eval_clean\positives\edge_tts\en-US-BrianNeural_hey_viola_noisy.wav,positive,0.999956,True
J:\CLAUDE\PROJECTS\Wakeword\eval_clean\positives\edge_tts\en-US-BrianNeural_hey_viola_reverb.wav,positive,0.999995,True
J:\CLAUDE\PROJECTS\Wakeword\eval_clean\positives\edge_tts\en-US-BrianNeural_ok_viola.wav,positive,0.999999,True
J:\CLAUDE\PROJECTS\Wakeword\eval_clean\positives\edge_tts\en-US-BrianNeural_ok_viola_noisy.wav,positive,0.999967,True
J:\CLAUDE\PROJECTS\Wakeword\eval_clean\positives\edge_tts\en-US-BrianNeural_ok_viola_reverb.wav,positive,0.999999,True
J:\CLAUDE\PROJECTS\Wakeword\eval_clean\positives\edge_tts\en-US-BrianNeural_viola.wav,positive,0.999997,True
J:\CLAUDE\PROJECTS\Wakeword\eval_clean\positives\edge_tts\en-US-BrianNeural_viola_noisy.wav,positive,0.988962,True
J:\CLAUDE\PROJECTS\Wakeword\eval_clean\positives\edge_tts\en-US-BrianNeural_viola_reverb.wav,positive,0.999754,True
J:\CLAUDE\PROJECTS\Wakeword\eval_clean\positives\edge_tts\en-US-ChristopherNeural_hey_viola.wav,positive,0.979319,True
J:\CLAUDE\PROJECTS\Wakeword\eval_clean\positives\edge_tts\en-US-ChristopherNeural_hey_viola_noisy.wav,positive,0.954712,True
J:\CLAUDE\PROJECTS\Wakeword\eval_clean\positives\edge_tts\en-US-ChristopherNeural_hey_viola_reverb.wav,positive,0.964238,True
J:\CLAUDE\PROJECTS\Wakeword\eval_clean\positives\edge_tts\en-US-ChristopherNeural_ok_viola.wav,positive,0.996879,True
J:\CLAUDE\PROJECTS\Wakeword\eval_clean\positives\edge_tts\en-US-ChristopherNeural_ok_viola_noisy.wav,positive,0.985943,True
J:\CLAUDE\PROJECTS\Wakeword\eval_clean\positives\edge_tts\en-US-ChristopherNeural_ok_viola_reverb.wav,positive,0.995758,True
J:\CLAUDE\PROJECTS\Wakeword\eval_clean\positives\edge_tts\en-US-ChristopherNeural_viola.wav,positive,0.969718,True
J:\CLAUDE\PROJECTS\Wakeword\eval_clean\positives\edge_tts\en-US-ChristopherNeural_viola_noisy.wav,positive,0.238719,False
J:\CLAUDE\PROJECTS\Wakeword\eval_clean\positives\edge_tts\en-US-ChristopherNeural_viola_reverb.wav,positive,0.783141,True
J:\CLAUDE\PROJECTS\Wakeword\eval_clean\positives\edge_tts\en-US-EmmaNeural_hey_viola.wav,positive,0.998239,True
J:\CLAUDE\PROJECTS\Wakeword\eval_clean\positives\edge_tts\en-US-EmmaNeural_hey_viola_noisy.wav,positive,0.985997,True
J:\CLAUDE\PROJECTS\Wakeword\eval_clean\positives\edge_tts\en-US-EmmaNeural_hey_viola_reverb.wav,positive,0.996157,True
J:\CLAUDE\PROJECTS\Wakeword\eval_clean\positives\edge_tts\en-US-EmmaNeural_ok_viola.wav,positive,0.996179,True
J:\CLAUDE\PROJECTS\Wakeword\eval_clean\positives\edge_tts\en-US-EmmaNeural_ok_viola_noisy.wav,positive,0.962644,True
J:\CLAUDE\PROJECTS\Wakeword\eval_clean\positives\edge_tts\en-US-EmmaNeural_ok_viola_reverb.wav,positive,0.984704,True
J:\CLAUDE\PROJECTS\Wakeword\eval_clean\positives\edge_tts\en-US-EmmaNeural_viola.wav,positive,0.999953,True
J:\CLAUDE\PROJECTS\Wakeword\eval_clean\positives\edge_tts\en-US-EmmaNeural_viola_noisy.wav,positive,0.986643,True
J:\CLAUDE\PROJECTS\Wakeword\eval_clean\positives\edge_tts\en-US-EmmaNeural_viola_reverb.wav,positive,0.995645,True
J:\CLAUDE\PROJECTS\Wakeword\eval_clean\positives\edge_tts\en-US-GuyNeural_hey_viola.wav,positive,0.975462,True
J:\CLAUDE\PROJECTS\Wakeword\eval_clean\positives\edge_tts\en-US-GuyNeural_hey_viola_noisy.wav,positive,0.922812,True
J:\CLAUDE\PROJECTS\Wakeword\eval_clean\positives\edge_tts\en-US-GuyNeural_hey_viola_reverb.wav,positive,0.887433,True
J:\CLAUDE\PROJECTS\Wakeword\eval_clean\positives\edge_tts\en-US-GuyNeural_ok_viola.wav,positive,0.999945,True
J:\CLAUDE\PROJECTS\Wakeword\eval_clean\positives\edge_tts\en-US-GuyNeural_ok_viola_noisy.wav,positive,0.970377,True
J:\CLAUDE\PROJECTS\Wakeword\eval_clean\positives\edge_tts\en-US-GuyNeural_ok_viola_reverb.wav,positive,0.997222,True
J:\CLAUDE\PROJECTS\Wakeword\eval_clean\positives\edge_tts\en-US-GuyNeural_viola.wav,positive,0.942292,True
J:\CLAUDE\PROJECTS\Wakeword\eval_clean\positives\edge_tts\en-US-GuyNeural_viola_noisy.wav,positive,0.222493,False
J:\CLAUDE\PROJECTS\Wakeword\eval_clean\positives\edge_tts\en-US-GuyNeural_viola_reverb.wav,positive,0.842201,True
J:\CLAUDE\PROJECTS\Wakeword\eval_clean\positives\edge_tts\en-US-JennyNeural_hey_viola.wav,positive,0.947731,True
J:\CLAUDE\PROJECTS\Wakeword\eval_clean\positives\edge_tts\en-US-JennyNeural_hey_viola_noisy.wav,positive,0.929733,True
J:\CLAUDE\PROJECTS\Wakeword\eval_clean\positives\edge_tts\en-US-JennyNeural_hey_viola_reverb.wav,positive,0.919399,True
J:\CLAUDE\PROJECTS\Wakeword\eval_clean\positives\edge_tts\en-US-JennyNeural_ok_viola.wav,positive,0.977257,True
J:\CLAUDE\PROJECTS\Wakeword\eval_clean\positives\edge_tts\en-US-JennyNeural_ok_viola_noisy.wav,positive,0.971950,True
J:\CLAUDE\PROJECTS\Wakeword\eval_clean\positives\edge_tts\en-US-JennyNeural_ok_viola_reverb.wav,positive,0.976258,True
J:\CLAUDE\PROJECTS\Wakeword\eval_clean\positives\edge_tts\en-US-JennyNeural_viola.wav,positive,0.801420,True
J:\CLAUDE\PROJECTS\Wakeword\eval_clean\positives\edge_tts\en-US-JennyNeural_viola_noisy.wav,positive,0.266314,False
J:\CLAUDE\PROJECTS\Wakeword\eval_clean\positives\edge_tts\en-US-JennyNeural_viola_reverb.wav,positive,0.407787,False
J:\CLAUDE\PROJECTS\Wakeword\eval_clean\positives\edge_tts\en-ZA-LeahNeural_hey_viola.wav,positive,0.987854,True
J:\CLAUDE\PROJECTS\Wakeword\eval_clean\positives\edge_tts\en-ZA-LeahNeural_hey_viola_noisy.wav,positive,0.990006,True
J:\CLAUDE\PROJECTS\Wakeword\eval_clean\positives\edge_tts\en-ZA-LeahNeural_hey_viola_reverb.wav,positive,0.984560,True
J:\CLAUDE\PROJECTS\Wakeword\eval_clean\positives\edge_tts\en-ZA-LeahNeural_ok_viola.wav,positive,0.998827,True
J:\CLAUDE\PROJECTS\Wakeword\eval_clean\positives\edge_tts\en-ZA-LeahNeural_ok_viola_noisy.wav,positive,0.997993,True
J:\CLAUDE\PROJECTS\Wakeword\eval_clean\positives\edge_tts\en-ZA-LeahNeural_ok_viola_reverb.wav,positive,0.999705,True
J:\CLAUDE\PROJECTS\Wakeword\eval_clean\positives\edge_tts\en-ZA-LeahNeural_viola.wav,positive,0.948750,True
J:\CLAUDE\PROJECTS\Wakeword\eval_clean\positives\edge_tts\en-ZA-LeahNeural_viola_noisy.wav,positive,0.398486,False
J:\CLAUDE\PROJECTS\Wakeword\eval_clean\positives\edge_tts\en-ZA-LeahNeural_viola_reverb.wav,positive,0.699459,True
J:\CLAUDE\PROJECTS\Wakeword\eval_clean\positives\edge_tts\en-ZA-LukeNeural_hey_viola.wav,positive,0.997766,True
J:\CLAUDE\PROJECTS\Wakeword\eval_clean\positives\edge_tts\en-ZA-LukeNeural_hey_viola_noisy.wav,positive,0.893536,True
J:\CLAUDE\PROJECTS\Wakeword\eval_clean\positives\edge_tts\en-ZA-LukeNeural_hey_viola_reverb.wav,positive,0.981392,True
J:\CLAUDE\PROJECTS\Wakeword\eval_clean\positives\edge_tts\en-ZA-LukeNeural_ok_viola.wav,positive,0.983911,True
J:\CLAUDE\PROJECTS\Wakeword\eval_clean\positives\edge_tts\en-ZA-LukeNeural_ok_viola_noisy.wav,positive,0.946885,True
J:\CLAUDE\PROJECTS\Wakeword\eval_clean\positives\edge_tts\en-ZA-LukeNeural_ok_viola_reverb.wav,positive,0.423668,False
J:\CLAUDE\PROJECTS\Wakeword\eval_clean\positives\edge_tts\en-ZA-LukeNeural_viola.wav,positive,0.984270,True
J:\CLAUDE\PROJECTS\Wakeword\eval_clean\positives\edge_tts\en-ZA-LukeNeural_viola_noisy.wav,positive,0.294766,False
J:\CLAUDE\PROJECTS\Wakeword\eval_clean\positives\edge_tts\en-ZA-LukeNeural_viola_reverb.wav,positive,0.743175,True
J:\CLAUDE\PROJECTS\Wakeword\eval_clean\positives\pos_AU-Natasha_hey_viola_12_02.wav,positive,0.951957,True
J:\CLAUDE\PROJECTS\Wakeword\eval_clean\positives\pos_AU-Natasha_ok_viola_12_04.wav,positive,0.999966,True
J:\CLAUDE\PROJECTS\Wakeword\eval_clean\positives\pos_AU-Natasha_viola_12_00.wav,positive,0.845992,True
J:\CLAUDE\PROJECTS\Wakeword\eval_clean\positives\pos_AU-Natasha_viola_12_01.wav,positive,0.922180,True
J:\CLAUDE\PROJECTS\Wakeword\eval_clean\positives\pos_AU-William_hey_viola_13_02.wav,positive,1.000000,True
J:\CLAUDE\PROJECTS\Wakeword\eval_clean\positives\pos_AU-William_ok_viola_13_04.wav,positive,0.999962,True
J:\CLAUDE\PROJECTS\Wakeword\eval_clean\positives\pos_AU-William_viola_13_00.wav,positive,0.979677,True
J:\CLAUDE\PROJECTS\Wakeword\eval_clean\positives\pos_AU-William_viola_13_01.wav,positive,0.938324,True
J:\CLAUDE\PROJECTS\Wakeword\eval_clean\positives\pos_CA-Clara_hey_viola_16_02.wav,positive,0.985920,True
J:\CLAUDE\PROJECTS\Wakeword\eval_clean\positives\pos_CA-Clara_ok_viola_16_04.wav,positive,1.000000,True
J:\CLAUDE\PROJECTS\Wakeword\eval_clean\positives\pos_CA-Clara_viola_16_00.wav,positive,0.969569,True
J:\CLAUDE\PROJECTS\Wakeword\eval_clean\positives\pos_CA-Clara_viola_16_01.wav,positive,0.970355,True
J:\CLAUDE\PROJECTS\Wakeword\eval_clean\positives\pos_CA-Liam_hey_viola_17_02.wav,positive,0.989102,True
J:\CLAUDE\PROJECTS\Wakeword\eval_clean\positives\pos_CA-Liam_ok_viola_17_04.wav,positive,0.999585,True
J:\CLAUDE\PROJECTS\Wakeword\eval_clean\positives\pos_CA-Liam_viola_17_00.wav,positive,0.925718,True
J:\CLAUDE\PROJECTS\Wakeword\eval_clean\positives\pos_CA-Liam_viola_17_01.wav,positive,0.938713,True
J:\CLAUDE\PROJECTS\Wakeword\eval_clean\positives\pos_GB-Ryan_hey_viola_11_02.wav,positive,0.972790,True
J:\CLAUDE\PROJECTS\Wakeword\eval_clean\positives\pos_GB-Ryan_ok_viola_11_04.wav,positive,0.991647,True
J:\CLAUDE\PROJECTS\Wakeword\eval_clean\positives\pos_GB-Ryan_viola_11_00.wav,positive,0.944898,True
J:\CLAUDE\PROJECTS\Wakeword\eval_clean\positives\pos_GB-Ryan_viola_11_01.wav,positive,0.994566,True
J:\CLAUDE\PROJECTS\Wakeword\eval_clean\positives\pos_GB-Sonia_hey_viola_10_02.wav,positive,0.999986,True
J:\CLAUDE\PROJECTS\Wakeword\eval_clean\positives\pos_GB-Sonia_ok_viola_10_04.wav,positive,0.999924,True
J:\CLAUDE\PROJECTS\Wakeword\eval_clean\positives\pos_GB-Sonia_viola_10_00.wav,positive,0.960501,True
J:\CLAUDE\PROJECTS\Wakeword\eval_clean\positives\pos_GB-Sonia_viola_10_01.wav,positive,0.994289,True
J:\CLAUDE\PROJECTS\Wakeword\eval_clean\positives\pos_IE-Connor_hey_viola_19_02.wav,positive,0.968840,True
J:\CLAUDE\PROJECTS\Wakeword\eval_clean\positives\pos_IE-Connor_ok_viola_19_04.wav,positive,0.993515,True
J:\CLAUDE\PROJECTS\Wakeword\eval_clean\positives\pos_IE-Connor_viola_19_00.wav,positive,0.868426,True
J:\CLAUDE\PROJECTS\Wakeword\eval_clean\positives\pos_IE-Connor_viola_19_01.wav,positive,0.791421,True
J:\CLAUDE\PROJECTS\Wakeword\eval_clean\positives\pos_IE-Emily_hey_viola_18_02.wav,positive,0.000317,False
J:\CLAUDE\PROJECTS\Wakeword\eval_clean\positives\pos_IE-Emily_ok_viola_18_04.wav,positive,0.158730,False
J:\CLAUDE\PROJECTS\Wakeword\eval_clean\positives\pos_IE-Emily_viola_18_00.wav,positive,0.350788,False
J:\CLAUDE\PROJECTS\Wakeword\eval_clean\positives\pos_IE-Emily_viola_18_01.wav,positive,0.846548,True
J:\CLAUDE\PROJECTS\Wakeword\eval_clean\positives\pos_IN-Neerja_hey_viola_14_02.wav,positive,0.996281,True
J:\CLAUDE\PROJECTS\Wakeword\eval_clean\positives\pos_IN-Neerja_ok_viola_14_04.wav,positive,0.998334,True
J:\CLAUDE\PROJECTS\Wakeword\eval_clean\positives\pos_IN-Neerja_viola_14_00.wav,positive,0.979048,True
J:\CLAUDE\PROJECTS\Wakeword\eval_clean\positives\pos_IN-Neerja_viola_14_01.wav,positive,0.991670,True
J:\CLAUDE\PROJECTS\Wakeword\eval_clean\positives\pos_IN-Prabhat_hey_viola_15_02.wav,positive,0.999866,True
J:\CLAUDE\PROJECTS\Wakeword\eval_clean\positives\pos_IN-Prabhat_ok_viola_15_04.wav,positive,0.999954,True
J:\CLAUDE\PROJECTS\Wakeword\eval_clean\positives\pos_IN-Prabhat_viola_15_00.wav,positive,0.991719,True
J:\CLAUDE\PROJECTS\Wakeword\eval_clean\positives\pos_IN-Prabhat_viola_15_01.wav,positive,0.666523,True
J:\CLAUDE\PROJECTS\Wakeword\eval_clean\positives\pos_US-Ana_hey_viola_05_02.wav,positive,0.993672,True
J:\CLAUDE\PROJECTS\Wakeword\eval_clean\positives\pos_US-Ana_ok_viola_05_04.wav,positive,0.999992,True
J:\CLAUDE\PROJECTS\Wakeword\eval_clean\positives\pos_US-Ana_viola_05_00.wav,positive,0.935928,True
J:\CLAUDE\PROJECTS\Wakeword\eval_clean\positives\pos_US-Ana_viola_05_01.wav,positive,0.907788,True
J:\CLAUDE\PROJECTS\Wakeword\eval_clean\positives\pos_US-Andrew_hey_viola_06_02.wav,positive,0.987442,True
J:\CLAUDE\PROJECTS\Wakeword\eval_clean\positives\pos_US-Andrew_ok_viola_06_04.wav,positive,0.999998,True
J:\CLAUDE\PROJECTS\Wakeword\eval_clean\positives\pos_US-Andrew_viola_06_00.wav,positive,0.741394,True
J:\CLAUDE\PROJECTS\Wakeword\eval_clean\positives\pos_US-Andrew_viola_06_01.wav,positive,0.870808,True
J:\CLAUDE\PROJECTS\Wakeword\eval_clean\positives\pos_US-Aria_hey_viola_02_02.wav,positive,0.895029,True
J:\CLAUDE\PROJECTS\Wakeword\eval_clean\positives\pos_US-Aria_ok_viola_02_04.wav,positive,0.994431,True
J:\CLAUDE\PROJECTS\Wakeword\eval_clean\positives\pos_US-Aria_viola_02_00.wav,positive,0.927856,True
J:\CLAUDE\PROJECTS\Wakeword\eval_clean\positives\pos_US-Aria_viola_02_01.wav,positive,0.869700,True
J:\CLAUDE\PROJECTS\Wakeword\eval_clean\positives\pos_US-Brian_hey_viola_08_02.wav,positive,0.999639,True
J:\CLAUDE\PROJECTS\Wakeword\eval_clean\positives\pos_US-Brian_ok_viola_08_04.wav,positive,0.999982,True
J:\CLAUDE\PROJECTS\Wakeword\eval_clean\positives\pos_US-Brian_viola_08_00.wav,positive,0.975847,True
J:\CLAUDE\PROJECTS\Wakeword\eval_clean\positives\pos_US-Brian_viola_08_01.wav,positive,0.982379,True
J:\CLAUDE\PROJECTS\Wakeword\eval_clean\positives\pos_US-Christopher_hey_viola_09_02.wav,positive,0.952605,True
J:\CLAUDE\PROJECTS\Wakeword\eval_clean\positives\pos_US-Christopher_ok_viola_09_04.wav,positive,0.995410,True
J:\CLAUDE\PROJECTS\Wakeword\eval_clean\positives\pos_US-Christopher_viola_09_00.wav,positive,0.972886,True
J:\CLAUDE\PROJECTS\Wakeword\eval_clean\positives\pos_US-Christopher_viola_09_01.wav,positive,0.991607,True
J:\CLAUDE\PROJECTS\Wakeword\eval_clean\positives\pos_US-Emma_hey_viola_07_02.wav,positive,0.998167,True
J:\CLAUDE\PROJECTS\Wakeword\eval_clean\positives\pos_US-Emma_ok_viola_07_04.wav,positive,0.999849,True
J:\CLAUDE\PROJECTS\Wakeword\eval_clean\positives\pos_US-Emma_viola_07_00.wav,positive,0.783141,True
J:\CLAUDE\PROJECTS\Wakeword\eval_clean\positives\pos_US-Emma_viola_07_01.wav,positive,0.945428,True
J:\CLAUDE\PROJECTS\Wakeword\eval_clean\positives\pos_US-Guy_hey_viola_00_02.wav,positive,0.974457,True
J:\CLAUDE\PROJECTS\Wakeword\eval_clean\positives\pos_US-Guy_ok_viola_00_04.wav,positive,0.999946,True
J:\CLAUDE\PROJECTS\Wakeword\eval_clean\positives\pos_US-Guy_viola_00_00.wav,positive,0.937358,True
J:\CLAUDE\PROJECTS\Wakeword\eval_clean\positives\pos_US-Guy_viola_00_01.wav,positive,0.944001,True
J:\CLAUDE\PROJECTS\Wakeword\eval_clean\positives\pos_US-Jenny_hey_viola_01_02.wav,positive,0.948723,True
J:\CLAUDE\PROJECTS\Wakeword\eval_clean\positives\pos_US-Jenny_ok_viola_01_04.wav,positive,0.978496,True
J:\CLAUDE\PROJECTS\Wakeword\eval_clean\positives\pos_US-Jenny_viola_01_00.wav,positive,0.794243,True
J:\CLAUDE\PROJECTS\Wakeword\eval_clean\positives\pos_US-Jenny_viola_01_01.wav,positive,0.854212,True
J:\CLAUDE\PROJECTS\Wakeword\eval_clean\positives\pyttsx3\sapi_Microsoft_David_Desktop_-_English_(United_States)_hey_viola.wav,positive,0.982628,True
J:\CLAUDE\PROJECTS\Wakeword\eval_clean\positives\pyttsx3\sapi_Microsoft_David_Desktop_-_English_(United_States)_viola.wav,positive,0.955454,True
J:\CLAUDE\PROJECTS\Wakeword\eval_clean\negatives\neg_noise_005.wav,negative,0.000000,False
J:\CLAUDE\PROJECTS\Wakeword\eval_clean\negatives\neg_noise_006.wav,negative,0.000000,False
J:\CLAUDE\PROJECTS\Wakeword\eval_clean\negatives\neg_noise_007.wav,negative,0.000000,False
J:\CLAUDE\PROJECTS\Wakeword\eval_clean\negatives\neg_noise_008.wav,negative,0.000000,False
J:\CLAUDE\PROJECTS\Wakeword\eval_clean\negatives\neg_noise_009.wav,negative,0.000000,False
J:\CLAUDE\PROJECTS\Wakeword\eval_clean\negatives\neg_silence_000.wav,negative,0.000943,False
J:\CLAUDE\PROJECTS\Wakeword\eval_clean\negatives\neg_silence_001.wav,negative,0.000943,False
J:\CLAUDE\PROJECTS\Wakeword\eval_clean\negatives\neg_silence_002.wav,negative,0.000943,False
J:\CLAUDE\PROJECTS\Wakeword\eval_clean\negatives\neg_silence_003.wav,negative,0.000943,False
J:\CLAUDE\PROJECTS\Wakeword\eval_clean\negatives\neg_silence_004.wav,negative,0.000943,False
J:\CLAUDE\PROJECTS\Wakeword\eval_clean\negatives\neg_US-Ana_call_mom_05_34.wav,negative,0.000344,False
J:\CLAUDE\PROJECTS\Wakeword\eval_clean\negatives\neg_US-Ana_can_you_hear_me_05_30.wav,negative,0.000071,False
J:\CLAUDE\PROJECTS\Wakeword\eval_clean\negatives\neg_US-Ana_good_morning_05_24.wav,negative,0.000033,False
J:\CLAUDE\PROJECTS\Wakeword\eval_clean\negatives\neg_US-Ana_hello_there_05_20.wav,negative,0.005092,False
J:\CLAUDE\PROJECTS\Wakeword\eval_clean\negatives\neg_US-Ana_how_are_you_doing_05_26.wav,negative,0.104719,False
J:\CLAUDE\PROJECTS\Wakeword\eval_clean\negatives\neg_US-Ana_i_need_help_05_29.wav,negative,0.000000,False
J:\CLAUDE\PROJECTS\Wakeword\eval_clean\negatives\neg_US-Ana_navigate_home_05_36.wav,negative,0.000000,False
J:\CLAUDE\PROJECTS\Wakeword\eval_clean\negatives\neg_US-Ana_next_song_please_05_32.wav,negative,0.000000,False
J:\CLAUDE\PROJECTS\Wakeword\eval_clean\negatives\neg_US-Ana_open_the_door_05_33.wav,negative,0.000011,False
J:\CLAUDE\PROJECTS\Wakeword\eval_clean\negatives\neg_US-Ana_play_some_music_05_22.wav,negative,0.000000,False
J:\CLAUDE\PROJECTS\Wakeword\eval_clean\negatives\neg_US-Ana_read_my_emails_05_38.wav,negative,0.000000,False
J:\CLAUDE\PROJECTS\Wakeword\eval_clean\negatives\neg_US-Ana_remind_me_later_05_39.wav,negative,0.000000,False
J:\CLAUDE\PROJECTS\Wakeword\eval_clean\negatives\neg_US-Ana_send_a_message_05_35.wav,negative,0.000000,False
J:\CLAUDE\PROJECTS\Wakeword\eval_clean\negatives\neg_US-Ana_set_an_alarm_05_27.wav,negative,0.000000,False
J:\CLAUDE\PROJECTS\Wakeword\eval_clean\negatives\neg_US-Ana_stop_playing_05_31.wav,negative,0.000000,False
J:\CLAUDE\PROJECTS\Wakeword\eval_clean\negatives\neg_US-Ana_thank_you_very_much_05_25.wav,negative,0.000000,False
J:\CLAUDE\PROJECTS\Wakeword\eval_clean\negatives\neg_US-Ana_the_weather_today_05_28.wav,negative,0.002059,False
J:\CLAUDE\PROJECTS\Wakeword\eval_clean\negatives\neg_US-Ana_turn_on_the_lights_05_23.wav,negative,0.000003,False
J:\CLAUDE\PROJECTS\Wakeword\eval_clean\negatives\neg_US-Ana_value_05_04.wav,negative,0.000066,False
J:\CLAUDE\PROJECTS\Wakeword\eval_clean\negatives\neg_US-Ana_vanilla_05_06.wav,negative,0.118466,False
J:\CLAUDE\PROJECTS\Wakeword\eval_clean\negatives\neg_US-Ana_victor_05_12.wav,negative,0.000585,False
J:\CLAUDE\PROJECTS\Wakeword\eval_clean\negatives\neg_US-Ana_video_05_13.wav,negative,0.000088,False
J:\CLAUDE\PROJECTS\Wakeword\eval_clean\negatives\neg_US-Ana_vienna_05_07.wav,negative,0.103352,False
J:\CLAUDE\PROJECTS\Wakeword\eval_clean\negatives\neg_US-Ana_vigor_05_19.wav,negative,0.018890,False
J:\CLAUDE\PROJECTS\Wakeword\eval_clean\negatives\neg_US-Ana_villa_05_05.wav,negative,0.223770,False
J:\CLAUDE\PROJECTS\Wakeword\eval_clean\negatives\neg_US-Ana_vinyl_05_10.wav,negative,0.035295,False
J:\CLAUDE\PROJECTS\Wakeword\eval_clean\negatives\neg_US-Ana_viola_instrument_05_00.wav,negative,0.000000,False
J:\CLAUDE\PROJECTS\Wakeword\eval_clean\negatives\neg_US-Ana_violent_05_01.wav,negative,0.000002,False
J:\CLAUDE\PROJECTS\Wakeword\eval_clean\negatives\neg_US-Ana_violet_05_02.wav,negative,0.000185,False
J:\CLAUDE\PROJECTS\Wakeword\eval_clean\negatives\neg_US-Ana_viper_05_17.wav,negative,0.104734,False
J:\CLAUDE\PROJECTS\Wakeword\eval_clean\negatives\neg_US-Ana_viral_05_18.wav,negative,0.058244,False
J:\CLAUDE\PROJECTS\Wakeword\eval_clean\negatives\neg_US-Ana_visa_05_08.wav,negative,0.000331,False
J:\CLAUDE\PROJECTS\Wakeword\eval_clean\negatives\neg_US-Ana_vision_05_11.wav,negative,0.001294,False
J:\CLAUDE\PROJECTS\Wakeword\eval_clean\negatives\neg_US-Ana_vital_05_09.wav,negative,0.005262,False
J:\CLAUDE\PROJECTS\Wakeword\eval_clean\negatives\neg_US-Ana_vivid_05_16.wav,negative,0.000414,False
J:\CLAUDE\PROJECTS\Wakeword\eval_clean\negatives\neg_US-Ana_vocal_05_14.wav,negative,0.001152,False
J:\CLAUDE\PROJECTS\Wakeword\eval_clean\negatives\neg_US-Ana_volume_05_03.wav,negative,0.000356,False
J:\CLAUDE\PROJECTS\Wakeword\eval_clean\negatives\neg_US-Ana_voyage_05_15.wav,negative,0.000001,False
J:\CLAUDE\PROJECTS\Wakeword\eval_clean\negatives\neg_US-Ana_what_is_the_news_05_37.wav,negative,0.133976,False
J:\CLAUDE\PROJECTS\Wakeword\eval_clean\negatives\neg_US-Ana_what_time_is_it_05_21.wav,negative,0.000000,False
J:\CLAUDE\PROJECTS\Wakeword\eval_clean\negatives\neg_US-Andrew_call_mom_06_34.wav,negative,0.034222,False
J:\CLAUDE\PROJECTS\Wakeword\eval_clean\negatives\neg_US-Andrew_can_you_hear_me_06_30.wav,negative,0.000040,False
J:\CLAUDE\PROJECTS\Wakeword\eval_clean\negatives\neg_US-Andrew_good_morning_06_24.wav,negative,0.000029,False
J:\CLAUDE\PROJECTS\Wakeword\eval_clean\negatives\neg_US-Andrew_hello_there_06_20.wav,negative,0.000189,False
J:\CLAUDE\PROJECTS\Wakeword\eval_clean\negatives\neg_US-Andrew_how_are_you_doing_06_26.wav,negative,0.000166,False
J:\CLAUDE\PROJECTS\Wakeword\eval_clean\negatives\neg_US-Andrew_i_need_help_06_29.wav,negative,0.000006,False
J:\CLAUDE\PROJECTS\Wakeword\eval_clean\negatives\neg_US-Andrew_navigate_home_06_36.wav,negative,0.000000,False
J:\CLAUDE\PROJECTS\Wakeword\eval_clean\negatives\neg_US-Andrew_next_song_please_06_32.wav,negative,0.000000,False
J:\CLAUDE\PROJECTS\Wakeword\eval_clean\negatives\neg_US-Andrew_open_the_door_06_33.wav,negative,0.000000,False
J:\CLAUDE\PROJECTS\Wakeword\eval_clean\negatives\neg_US-Andrew_play_some_music_06_22.wav,negative,0.000000,False
J:\CLAUDE\PROJECTS\Wakeword\eval_clean\negatives\neg_US-Andrew_read_my_emails_06_38.wav,negative,0.000000,False
J:\CLAUDE\PROJECTS\Wakeword\eval_clean\negatives\neg_US-Andrew_remind_me_later_06_39.wav,negative,0.000000,False
J:\CLAUDE\PROJECTS\Wakeword\eval_clean\negatives\neg_US-Andrew_send_a_message_06_35.wav,negative,0.000000,False
J:\CLAUDE\PROJECTS\Wakeword\eval_clean\negatives\neg_US-Andrew_set_an_alarm_06_27.wav,negative,0.000003,False
J:\CLAUDE\PROJECTS\Wakeword\eval_clean\negatives\neg_US-Andrew_stop_playing_06_31.wav,negative,0.000000,False
J:\CLAUDE\PROJECTS\Wakeword\eval_clean\negatives\neg_US-Andrew_thank_you_very_much_06_25.wav,negative,0.000000,False
J:\CLAUDE\PROJECTS\Wakeword\eval_clean\negatives\neg_US-Andrew_the_weather_today_06_28.wav,negative,0.000000,False
J:\CLAUDE\PROJECTS\Wakeword\eval_clean\negatives\neg_US-Andrew_turn_on_the_lights_06_23.wav,negative,0.000008,False
J:\CLAUDE\PROJECTS\Wakeword\eval_clean\negatives\neg_US-Andrew_value_06_04.wav,negative,0.436559,False
J:\CLAUDE\PROJECTS\Wakeword\eval_clean\negatives\neg_US-Andrew_vanilla_06_06.wav,negative,0.856119,True
J:\CLAUDE\PROJECTS\Wakeword\eval_clean\negatives\neg_US-Andrew_victor_06_12.wav,negative,0.353107,False
J:\CLAUDE\PROJECTS\Wakeword\eval_clean\negatives\neg_US-Andrew_video_06_13.wav,negative,0.766159,True
J:\CLAUDE\PROJECTS\Wakeword\eval_clean\negatives\neg_US-Andrew_vienna_06_07.wav,negative,0.739577,True
J:\CLAUDE\PROJECTS\Wakeword\eval_clean\negatives\neg_US-Andrew_vigor_06_19.wav,negative,0.326340,False
J:\CLAUDE\PROJECTS\Wakeword\eval_clean\negatives\neg_US-Andrew_villa_06_05.wav,negative,0.899470,True
J:\CLAUDE\PROJECTS\Wakeword\eval_clean\negatives\neg_US-Andrew_vinyl_06_10.wav,negative,0.820429,True
J:\CLAUDE\PROJECTS\Wakeword\eval_clean\negatives\neg_US-Andrew_viola_instrument_06_00.wav,negative,0.000000,False
J:\CLAUDE\PROJECTS\Wakeword\eval_clean\negatives\neg_US-Andrew_violent_06_01.wav,negative,0.014981,False
J:\CLAUDE\PROJECTS\Wakeword\eval_clean\negatives\neg_US-Andrew_violet_06_02.wav,negative,0.022316,False
J:\CLAUDE\PROJECTS\Wakeword\eval_clean\negatives\neg_US-Andrew_viper_06_17.wav,negative,0.943741,True
J:\CLAUDE\PROJECTS\Wakeword\eval_clean\negatives\neg_US-Andrew_viral_06_18.wav,negative,0.012062,False
J:\CLAUDE\PROJECTS\Wakeword\eval_clean\negatives\neg_US-Andrew_visa_06_08.wav,negative,0.057831,False
J:\CLAUDE\PROJECTS\Wakeword\eval_clean\negatives\neg_US-Andrew_vision_06_11.wav,negative,0.000491,False
J:\CLAUDE\PROJECTS\Wakeword\eval_clean\negatives\neg_US-Andrew_vital_06_09.wav,negative,0.769516,True
J:\CLAUDE\PROJECTS\Wakeword\eval_clean\negatives\neg_US-Andrew_vivid_06_16.wav,negative,0.071999,False
J:\CLAUDE\PROJECTS\Wakeword\eval_clean\negatives\neg_US-Andrew_vocal_06_14.wav,negative,0.755276,True
J:\CLAUDE\PROJECTS\Wakeword\eval_clean\negatives\neg_US-Andrew_volume_06_03.wav,negative,0.201561,False
J:\CLAUDE\PROJECTS\Wakeword\eval_clean\negatives\neg_US-Andrew_voyage_06_15.wav,negative,0.000364,False
J:\CLAUDE\PROJECTS\Wakeword\eval_clean\negatives\neg_US-Andrew_what_is_the_news_06_37.wav,negative,0.000000,False
J:\CLAUDE\PROJECTS\Wakeword\eval_clean\negatives\neg_US-Andrew_what_time_is_it_06_21.wav,negative,0.000000,False
J:\CLAUDE\PROJECTS\Wakeword\eval_clean\negatives\neg_US-Aria_call_mom_02_34.wav,negative,0.000000,False
J:\CLAUDE\PROJECTS\Wakeword\eval_clean\negatives\neg_US-Aria_can_you_hear_me_02_30.wav,negative,0.000000,False
J:\CLAUDE\PROJECTS\Wakeword\eval_clean\negatives\neg_US-Aria_good_morning_02_24.wav,negative,0.000000,False
J:\CLAUDE\PROJECTS\Wakeword\eval_clean\negatives\neg_US-Aria_hello_there_02_20.wav,negative,0.000000,False
J:\CLAUDE\PROJECTS\Wakeword\eval_clean\negatives\neg_US-Aria_how_are_you_doing_02_26.wav,negative,0.000000,False
J:\CLAUDE\PROJECTS\Wakeword\eval_clean\negatives\neg_US-Aria_i_need_help_02_29.wav,negative,0.000073,False
J:\CLAUDE\PROJECTS\Wakeword\eval_clean\negatives\neg_US-Aria_navigate_home_02_36.wav,negative,0.000000,False
J:\CLAUDE\PROJECTS\Wakeword\eval_clean\negatives\neg_US-Aria_next_song_please_02_32.wav,negative,0.000035,False
J:\CLAUDE\PROJECTS\Wakeword\eval_clean\negatives\neg_US-Aria_open_the_door_02_33.wav,negative,0.000000,False
J:\CLAUDE\PROJECTS\Wakeword\eval_clean\negatives\neg_US-Aria_play_some_music_02_22.wav,negative,0.000000,False
J:\CLAUDE\PROJECTS\Wakeword\eval_clean\negatives\neg_US-Aria_read_my_emails_02_38.wav,negative,0.001077,False
J:\CLAUDE\PROJECTS\Wakeword\eval_clean\negatives\neg_US-Aria_remind_me_later_02_39.wav,negative,0.000000,False
J:\CLAUDE\PROJECTS\Wakeword\eval_clean\negatives\neg_US-Aria_send_a_message_02_35.wav,negative,0.000000,False
J:\CLAUDE\PROJECTS\Wakeword\eval_clean\negatives\neg_US-Aria_set_an_alarm_02_27.wav,negative,0.000000,False
J:\CLAUDE\PROJECTS\Wakeword\eval_clean\negatives\neg_US-Aria_stop_playing_02_31.wav,negative,0.000000,False
J:\CLAUDE\PROJECTS\Wakeword\eval_clean\negatives\neg_US-Aria_thank_you_very_much_02_25.wav,negative,0.000000,False
J:\CLAUDE\PROJECTS\Wakeword\eval_clean\negatives\neg_US-Aria_the_weather_today_02_28.wav,negative,0.000000,False
J:\CLAUDE\PROJECTS\Wakeword\eval_clean\negatives\neg_US-Aria_turn_on_the_lights_02_23.wav,negative,0.001561,False
J:\CLAUDE\PROJECTS\Wakeword\eval_clean\negatives\neg_US-Aria_value_02_04.wav,negative,0.000002,False
J:\CLAUDE\PROJECTS\Wakeword\eval_clean\negatives\neg_US-Aria_vanilla_02_06.wav,negative,0.082754,False
J:\CLAUDE\PROJECTS\Wakeword\eval_clean\negatives\neg_US-Aria_victor_02_12.wav,negative,0.000003,False
J:\CLAUDE\PROJECTS\Wakeword\eval_clean\negatives\neg_US-Aria_video_02_13.wav,negative,0.000000,False
J:\CLAUDE\PROJECTS\Wakeword\eval_clean\negatives\neg_US-Aria_vienna_02_07.wav,negative,0.007734,False
J:\CLAUDE\PROJECTS\Wakeword\eval_clean\negatives\neg_US-Aria_vigor_02_19.wav,negative,0.000000,False
J:\CLAUDE\PROJECTS\Wakeword\eval_clean\negatives\neg_US-Aria_villa_02_05.wav,negative,0.667138,True
J:\CLAUDE\PROJECTS\Wakeword\eval_clean\negatives\neg_US-Aria_vinyl_02_10.wav,negative,0.000207,False
J:\CLAUDE\PROJECTS\Wakeword\eval_clean\negatives\neg_US-Aria_viola_instrument_02_00.wav,negative,0.000000,False
J:\CLAUDE\PROJECTS\Wakeword\eval_clean\negatives\neg_US-Aria_violent_02_01.wav,negative,0.000000,False
J:\CLAUDE\PROJECTS\Wakeword\eval_clean\negatives\neg_US-Aria_violet_02_02.wav,negative,0.000032,False
J:\CLAUDE\PROJECTS\Wakeword\eval_clean\negatives\neg_US-Aria_viper_02_17.wav,negative,0.000014,False
J:\CLAUDE\PROJECTS\Wakeword\eval_clean\negatives\neg_US-Aria_viral_02_18.wav,negative,0.000001,False
J:\CLAUDE\PROJECTS\Wakeword\eval_clean\negatives\neg_US-Aria_visa_02_08.wav,negative,0.000881,False
J:\CLAUDE\PROJECTS\Wakeword\eval_clean\negatives\neg_US-Aria_vision_02_11.wav,negative,0.000000,False
J:\CLAUDE\PROJECTS\Wakeword\eval_clean\negatives\neg_US-Aria_vital_02_09.wav,negative,0.000007,False
J:\CLAUDE\PROJECTS\Wakeword\eval_clean\negatives\neg_US-Aria_vivid_02_16.wav,negative,0.000000,False
J:\CLAUDE\PROJECTS\Wakeword\eval_clean\negatives\neg_US-Aria_vocal_02_14.wav,negative,0.000000,False
J:\CLAUDE\PROJECTS\Wakeword\eval_clean\negatives\neg_US-Aria_volume_02_03.wav,negative,0.000000,False
J:\CLAUDE\PROJECTS\Wakeword\eval_clean\negatives\neg_US-Aria_voyage_02_15.wav,negative,0.000000,False
J:\CLAUDE\PROJECTS\Wakeword\eval_clean\negatives\neg_US-Aria_what_is_the_news_02_37.wav,negative,0.000304,False
J:\CLAUDE\PROJECTS\Wakeword\eval_clean\negatives\neg_US-Aria_what_time_is_it_02_21.wav,negative,0.000000,False
J:\CLAUDE\PROJECTS\Wakeword\eval_clean\negatives\neg_US-Brian_call_mom_08_34.wav,negative,0.000190,False
J:\CLAUDE\PROJECTS\Wakeword\eval_clean\negatives\neg_US-Brian_can_you_hear_me_08_30.wav,negative,0.000000,False
J:\CLAUDE\PROJECTS\Wakeword\eval_clean\negatives\neg_US-Brian_good_morning_08_24.wav,negative,0.000000,False
J:\CLAUDE\PROJECTS\Wakeword\eval_clean\negatives\neg_US-Brian_hello_there_08_20.wav,negative,0.000000,False
J:\CLAUDE\PROJECTS\Wakeword\eval_clean\negatives\neg_US-Brian_how_are_you_doing_08_26.wav,negative,0.000000,False
J:\CLAUDE\PROJECTS\Wakeword\eval_clean\negatives\neg_US-Brian_i_need_help_08_29.wav,negative,0.001454,False
J:\CLAUDE\PROJECTS\Wakeword\eval_clean\negatives\neg_US-Brian_navigate_home_08_36.wav,negative,0.000000,False
J:\CLAUDE\PROJECTS\Wakeword\eval_clean\negatives\neg_US-Brian_next_song_please_08_32.wav,negative,0.000000,False
J:\CLAUDE\PROJECTS\Wakeword\eval_clean\negatives\neg_US-Brian_open_the_door_08_33.wav,negative,0.000000,False
J:\CLAUDE\PROJECTS\Wakeword\eval_clean\negatives\neg_US-Brian_play_some_music_08_22.wav,negative,0.000000,False
J:\CLAUDE\PROJECTS\Wakeword\eval_clean\negatives\neg_US-Brian_read_my_emails_08_38.wav,negative,0.042380,False
J:\CLAUDE\PROJECTS\Wakeword\eval_clean\negatives\neg_US-Brian_remind_me_later_08_39.wav,negative,0.000000,False
J:\CLAUDE\PROJECTS\Wakeword\eval_clean\negatives\neg_US-Brian_send_a_message_08_35.wav,negative,0.000000,False
J:\CLAUDE\PROJECTS\Wakeword\eval_clean\negatives\neg_US-Brian_set_an_alarm_08_27.wav,negative,0.000000,False
J:\CLAUDE\PROJECTS\Wakeword\eval_clean\negatives\neg_US-Brian_stop_playing_08_31.wav,negative,0.000000,False
J:\CLAUDE\PROJECTS\Wakeword\eval_clean\negatives\neg_US-Brian_thank_you_very_much_08_25.wav,negative,0.000000,False
J:\CLAUDE\PROJECTS\Wakeword\eval_clean\negatives\neg_US-Brian_the_weather_today_08_28.wav,negative,0.000000,False
J:\CLAUDE\PROJECTS\Wakeword\eval_clean\negatives\neg_US-Brian_turn_on_the_lights_08_23.wav,negative,0.000000,False
J:\CLAUDE\PROJECTS\Wakeword\eval_clean\negatives\neg_US-Brian_value_08_04.wav,negative,0.004851,False
J:\CLAUDE\PROJECTS\Wakeword\eval_clean\negatives\neg_US-Brian_vanilla_08_06.wav,negative,0.810206,True
J:\CLAUDE\PROJECTS\Wakeword\eval_clean\negatives\neg_US-Brian_victor_08_12.wav,negative,0.022528,False
J:\CLAUDE\PROJECTS\Wakeword\eval_clean\negatives\neg_US-Brian_video_08_13.wav,negative,0.002672,False
J:\CLAUDE\PROJECTS\Wakeword\eval_clean\negatives\neg_US-Brian_vienna_08_07.wav,negative,0.260104,False
J:\CLAUDE\PROJECTS\Wakeword\eval_clean\negatives\neg_US-Brian_vigor_08_19.wav,negative,0.048904,False
J:\CLAUDE\PROJECTS\Wakeword\eval_clean\negatives\neg_US-Brian_villa_08_05.wav,negative,0.829392,True
J:\CLAUDE\PROJECTS\Wakeword\eval_clean\negatives\neg_US-Brian_vinyl_08_10.wav,negative,0.381269,False
J:\CLAUDE\PROJECTS\Wakeword\eval_clean\negatives\neg_US-Brian_viola_instrument_08_00.wav,negative,0.000000,False
J:\CLAUDE\PROJECTS\Wakeword\eval_clean\negatives\neg_US-Brian_violent_08_01.wav,negative,0.000000,False
J:\CLAUDE\PROJECTS\Wakeword\eval_clean\negatives\neg_US-Brian_violet_08_02.wav,negative,0.000064,False
J:\CLAUDE\PROJECTS\Wakeword\eval_clean\negatives\neg_US-Brian_viper_08_17.wav,negative,0.004141,False
J:\CLAUDE\PROJECTS\Wakeword\eval_clean\negatives\neg_US-Brian_viral_08_18.wav,negative,0.002429,False
J:\CLAUDE\PROJECTS\Wakeword\eval_clean\negatives\neg_US-Brian_visa_08_08.wav,negative,0.079417,False
J:\CLAUDE\PROJECTS\Wakeword\eval_clean\negatives\neg_US-Brian_vision_08_11.wav,negative,0.000329,False
J:\CLAUDE\PROJECTS\Wakeword\eval_clean\negatives\neg_US-Brian_vital_08_09.wav,negative,0.336213,False
J:\CLAUDE\PROJECTS\Wakeword\eval_clean\negatives\neg_US-Brian_vivid_08_16.wav,negative,0.008087,False
J:\CLAUDE\PROJECTS\Wakeword\eval_clean\negatives\neg_US-Brian_vocal_08_14.wav,negative,0.014583,False
J:\CLAUDE\PROJECTS\Wakeword\eval_clean\negatives\neg_US-Brian_volume_08_03.wav,negative,0.020612,False
J:\CLAUDE\PROJECTS\Wakeword\eval_clean\negatives\neg_US-Brian_voyage_08_15.wav,negative,0.020167,False
J:\CLAUDE\PROJECTS\Wakeword\eval_clean\negatives\neg_US-Brian_what_is_the_news_08_37.wav,negative,0.000000,False
J:\CLAUDE\PROJECTS\Wakeword\eval_clean\negatives\neg_US-Brian_what_time_is_it_08_21.wav,negative,0.000000,False
J:\CLAUDE\PROJECTS\Wakeword\eval_clean\negatives\neg_US-Christopher_call_mom_09_34.wav,negative,0.000012,False
J:\CLAUDE\PROJECTS\Wakeword\eval_clean\negatives\neg_US-Christopher_can_you_hear_me_09_30.wav,negative,0.000008,False
J:\CLAUDE\PROJECTS\Wakeword\eval_clean\negatives\neg_US-Christopher_good_morning_09_24.wav,negative,0.000082,False
J:\CLAUDE\PROJECTS\Wakeword\eval_clean\negatives\neg_US-Christopher_hello_there_09_20.wav,negative,0.000000,False
J:\CLAUDE\PROJECTS\Wakeword\eval_clean\negatives\neg_US-Christopher_how_are_you_doing_09_26.wav,negative,0.019223,False
J:\CLAUDE\PROJECTS\Wakeword\eval_clean\negatives\neg_US-Christopher_i_need_help_09_29.wav,negative,0.002024,False
J:\CLAUDE\PROJECTS\Wakeword\eval_clean\negatives\neg_US-Christopher_navigate_home_09_36.wav,negative,0.000000,False
J:\CLAUDE\PROJECTS\Wakeword\eval_clean\negatives\neg_US-Christopher_next_song_please_09_32.wav,negative,0.184666,False
J:\CLAUDE\PROJECTS\Wakeword\eval_clean\negatives\neg_US-Christopher_open_the_door_09_33.wav,negative,0.000000,False
J:\CLAUDE\PROJECTS\Wakeword\eval_clean\negatives\neg_US-Christopher_play_some_music_09_22.wav,negative,0.000000,False
J:\CLAUDE\PROJECTS\Wakeword\eval_clean\negatives\neg_US-Christopher_read_my_emails_09_38.wav,negative,0.013053,False
J:\CLAUDE\PROJECTS\Wakeword\eval_clean\negatives\neg_US-Christopher_remind_me_later_09_39.wav,negative,0.000000,False
J:\CLAUDE\PROJECTS\Wakeword\eval_clean\negatives\neg_US-Christopher_send_a_message_09_35.wav,negative,0.000000,False
J:\CLAUDE\PROJECTS\Wakeword\eval_clean\negatives\neg_US-Christopher_set_an_alarm_09_27.wav,negative,0.000005,False
J:\CLAUDE\PROJECTS\Wakeword\eval_clean\negatives\neg_US-Christopher_stop_playing_09_31.wav,negative,0.000007,False
J:\CLAUDE\PROJECTS\Wakeword\eval_clean\negatives\neg_US-Christopher_thank_you_very_much_09_25.wav,negative,0.000001,False
J:\CLAUDE\PROJECTS\Wakeword\eval_clean\negatives\neg_US-Christopher_the_weather_today_09_28.wav,negative,0.000021,False
J:\CLAUDE\PROJECTS\Wakeword\eval_clean\negatives\neg_US-Christopher_turn_on_the_lights_09_23.wav,negative,0.001339,False
J:\CLAUDE\PROJECTS\Wakeword\eval_clean\negatives\neg_US-Christopher_value_09_04.wav,negative,0.000000,False
J:\CLAUDE\PROJECTS\Wakeword\eval_clean\negatives\neg_US-Christopher_vanilla_09_06.wav,negative,0.783141,True
J:\CLAUDE\PROJECTS\Wakeword\eval_clean\negatives\neg_US-Christopher_victor_09_12.wav,negative,0.048672,False
J:\CLAUDE\PROJECTS\Wakeword\eval_clean\negatives\neg_US-Christopher_video_09_13.wav,negative,0.000156,False
J:\CLAUDE\PROJECTS\Wakeword\eval_clean\negatives\neg_US-Christopher_vienna_09_07.wav,negative,0.061649,False
J:\CLAUDE\PROJECTS\Wakeword\eval_clean\negatives\neg_US-Christopher_vigor_09_19.wav,negative,0.023939,False
J:\CLAUDE\PROJECTS\Wakeword\eval_clean\negatives\neg_US-Christopher_villa_09_05.wav,negative,0.254688,False
J:\CLAUDE\PROJECTS\Wakeword\eval_clean\negatives\neg_US-Christopher_vinyl_09_10.wav,negative,0.008123,False
J:\CLAUDE\PROJECTS\Wakeword\eval_clean\negatives\neg_US-Christopher_viola_instrument_09_00.wav,negative,0.000000,False
J:\CLAUDE\PROJECTS\Wakeword\eval_clean\negatives\neg_US-Christopher_violent_09_01.wav,negative,0.000158,False
J:\CLAUDE\PROJECTS\Wakeword\eval_clean\negatives\neg_US-Christopher_violet_09_02.wav,negative,0.000525,False
J:\CLAUDE\PROJECTS\Wakeword\eval_clean\negatives\neg_US-Christopher_viper_09_17.wav,negative,0.003720,False
J:\CLAUDE\PROJECTS\Wakeword\eval_clean\negatives\neg_US-Christopher_viral_09_18.wav,negative,0.000066,False
J:\CLAUDE\PROJECTS\Wakeword\eval_clean\negatives\neg_US-Christopher_visa_09_08.wav,negative,0.000290,False
J:\CLAUDE\PROJECTS\Wakeword\eval_clean\negatives\neg_US-Christopher_vision_09_11.wav,negative,0.000071,False
J:\CLAUDE\PROJECTS\Wakeword\eval_clean\negatives\neg_US-Christopher_vital_09_09.wav,negative,0.003052,False
J:\CLAUDE\PROJECTS\Wakeword\eval_clean\negatives\neg_US-Christopher_vivid_09_16.wav,negative,0.000212,False
J:\CLAUDE\PROJECTS\Wakeword\eval_clean\negatives\neg_US-Christopher_vocal_09_14.wav,negative,0.000256,False
J:\CLAUDE\PROJECTS\Wakeword\eval_clean\negatives\neg_US-Christopher_volume_09_03.wav,negative,0.000692,False
J:\CLAUDE\PROJECTS\Wakeword\eval_clean\negatives\neg_US-Christopher_voyage_09_15.wav,negative,0.000904,False
J:\CLAUDE\PROJECTS\Wakeword\eval_clean\negatives\neg_US-Christopher_what_is_the_news_09_37.wav,negative,0.083133,False
J:\CLAUDE\PROJECTS\Wakeword\eval_clean\negatives\neg_US-Christopher_what_time_is_it_09_21.wav,negative,0.000000,False
J:\CLAUDE\PROJECTS\Wakeword\eval_clean\negatives\neg_US-Emma_call_mom_07_34.wav,negative,0.000000,False
J:\CLAUDE\PROJECTS\Wakeword\eval_clean\negatives\neg_US-Emma_can_you_hear_me_07_30.wav,negative,0.000000,False
J:\CLAUDE\PROJECTS\Wakeword\eval_clean\negatives\neg_US-Emma_good_morning_07_24.wav,negative,0.000000,False
J:\CLAUDE\PROJECTS\Wakeword\eval_clean\negatives\neg_US-Emma_hello_there_07_20.wav,negative,0.000000,False
J:\CLAUDE\PROJECTS\Wakeword\eval_clean\negatives\neg_US-Emma_how_are_you_doing_07_26.wav,negative,0.000002,False
J:\CLAUDE\PROJECTS\Wakeword\eval_clean\negatives\neg_US-Emma_i_need_help_07_29.wav,negative,0.000093,False
J:\CLAUDE\PROJECTS\Wakeword\eval_clean\negatives\neg_US-Emma_navigate_home_07_36.wav,negative,0.000000,False
J:\CLAUDE\PROJECTS\Wakeword\eval_clean\negatives\neg_US-Emma_next_song_please_07_32.wav,negative,0.000000,False
J:\CLAUDE\PROJECTS\Wakeword\eval_clean\negatives\neg_US-Emma_open_the_door_07_33.wav,negative,0.000000,False
J:\CLAUDE\PROJECTS\Wakeword\eval_clean\negatives\neg_US-Emma_play_some_music_07_22.wav,negative,0.000000,False
J:\CLAUDE\PROJECTS\Wakeword\eval_clean\negatives\neg_US-Emma_read_my_emails_07_38.wav,negative,0.000003,False
J:\CLAUDE\PROJECTS\Wakeword\eval_clean\negatives\neg_US-Emma_remind_me_later_07_39.wav,negative,0.000000,False
J:\CLAUDE\PROJECTS\Wakeword\eval_clean\negatives\neg_US-Emma_send_a_message_07_35.wav,negative,0.000000,False
J:\CLAUDE\PROJECTS\Wakeword\eval_clean\negatives\neg_US-Emma_set_an_alarm_07_27.wav,negative,0.000000,False
J:\CLAUDE\PROJECTS\Wakeword\eval_clean\negatives\neg_US-Emma_stop_playing_07_31.wav,negative,0.000000,False
J:\CLAUDE\PROJECTS\Wakeword\eval_clean\negatives\neg_US-Emma_thank_you_very_much_07_25.wav,negative,0.000000,False
J:\CLAUDE\PROJECTS\Wakeword\eval_clean\negatives\neg_US-Emma_the_weather_today_07_28.wav,negative,0.000000,False
J:\CLAUDE\PROJECTS\Wakeword\eval_clean\negatives\neg_US-Emma_turn_on_the_lights_07_23.wav,negative,0.000000,False
J:\CLAUDE\PROJECTS\Wakeword\eval_clean\negatives\neg_US-Emma_value_07_04.wav,negative,0.000191,False
J:\CLAUDE\PROJECTS\Wakeword\eval_clean\negatives\neg_US-Emma_vanilla_07_06.wav,negative,0.695726,True
J:\CLAUDE\PROJECTS\Wakeword\eval_clean\negatives\neg_US-Emma_victor_07_12.wav,negative,0.000040,False
J:\CLAUDE\PROJECTS\Wakeword\eval_clean\negatives\neg_US-Emma_video_07_13.wav,negative,0.001745,False
J:\CLAUDE\PROJECTS\Wakeword\eval_clean\negatives\neg_US-Emma_vienna_07_07.wav,negative,0.182364,False
J:\CLAUDE\PROJECTS\Wakeword\eval_clean\negatives\neg_US-Emma_vigor_07_19.wav,negative,0.054375,False
J:\CLAUDE\PROJECTS\Wakeword\eval_clean\negatives\neg_US-Emma_villa_07_05.wav,negative,0.328297,False
J:\CLAUDE\PROJECTS\Wakeword\eval_clean\negatives\neg_US-Emma_vinyl_07_10.wav,negative,0.047270,False
J:\CLAUDE\PROJECTS\Wakeword\eval_clean\negatives\neg_US-Emma_viola_instrument_07_00.wav,negative,0.000000,False
J:\CLAUDE\PROJECTS\Wakeword\eval_clean\negatives\neg_US-Emma_violent_07_01.wav,negative,0.000001,False
J:\CLAUDE\PROJECTS\Wakeword\eval_clean\negatives\neg_US-Emma_violet_07_02.wav,negative,0.000006,False
J:\CLAUDE\PROJECTS\Wakeword\eval_clean\negatives\neg_US-Emma_viper_07_17.wav,negative,0.000108,False
J:\CLAUDE\PROJECTS\Wakeword\eval_clean\negatives\neg_US-Emma_viral_07_18.wav,negative,0.041129,False
J:\CLAUDE\PROJECTS\Wakeword\eval_clean\negatives\neg_US-Emma_visa_07_08.wav,negative,0.014036,False
J:\CLAUDE\PROJECTS\Wakeword\eval_clean\negatives\neg_US-Emma_vision_07_11.wav,negative,0.000001,False
J:\CLAUDE\PROJECTS\Wakeword\eval_clean\negatives\neg_US-Emma_vital_07_09.wav,negative,0.018724,False
J:\CLAUDE\PROJECTS\Wakeword\eval_clean\negatives\neg_US-Emma_vivid_07_16.wav,negative,0.001273,False
J:\CLAUDE\PROJECTS\Wakeword\eval_clean\negatives\neg_US-Emma_vocal_07_14.wav,negative,0.005831,False
J:\CLAUDE\PROJECTS\Wakeword\eval_clean\negatives\neg_US-Emma_volume_07_03.wav,negative,0.000654,False
J:\CLAUDE\PROJECTS\Wakeword\eval_clean\negatives\neg_US-Emma_voyage_07_15.wav,negative,0.008588,False
J:\CLAUDE\PROJECTS\Wakeword\eval_clean\negatives\neg_US-Emma_what_is_the_news_07_37.wav,negative,0.000000,False
J:\CLAUDE\PROJECTS\Wakeword\eval_clean\negatives\neg_US-Emma_what_time_is_it_07_21.wav,negative,0.000000,False
J:\CLAUDE\PROJECTS\Wakeword\eval_clean\negatives\neg_US-Guy_call_mom_00_34.wav,negative,0.000585,False
J:\CLAUDE\PROJECTS\Wakeword\eval_clean\negatives\neg_US-Guy_can_you_hear_me_00_30.wav,negative,0.000004,False
J:\CLAUDE\PROJECTS\Wakeword\eval_clean\negatives\neg_US-Guy_good_morning_00_24.wav,negative,0.000000,False
J:\CLAUDE\PROJECTS\Wakeword\eval_clean\negatives\neg_US-Guy_hello_there_00_20.wav,negative,0.000001,False
J:\CLAUDE\PROJECTS\Wakeword\eval_clean\negatives\neg_US-Guy_how_are_you_doing_00_26.wav,negative,0.000000,False
J:\CLAUDE\PROJECTS\Wakeword\eval_clean\negatives\neg_US-Guy_i_need_help_00_29.wav,negative,0.000001,False
J:\CLAUDE\PROJECTS\Wakeword\eval_clean\negatives\neg_US-Guy_navigate_home_00_36.wav,negative,0.000000,False
J:\CLAUDE\PROJECTS\Wakeword\eval_clean\negatives\neg_US-Guy_next_song_please_00_32.wav,negative,0.000001,False
J:\CLAUDE\PROJECTS\Wakeword\eval_clean\negatives\neg_US-Guy_open_the_door_00_33.wav,negative,0.000000,False
J:\CLAUDE\PROJECTS\Wakeword\eval_clean\negatives\neg_US-Guy_play_some_music_00_22.wav,negative,0.000000,False
J:\CLAUDE\PROJECTS\Wakeword\eval_clean\negatives\neg_US-Guy_read_my_emails_00_38.wav,negative,0.000002,False
J:\CLAUDE\PROJECTS\Wakeword\eval_clean\negatives\neg_US-Guy_remind_me_later_00_39.wav,negative,0.000000,False
J:\CLAUDE\PROJECTS\Wakeword\eval_clean\negatives\neg_US-Guy_send_a_message_00_35.wav,negative,0.000000,False
J:\CLAUDE\PROJECTS\Wakeword\eval_clean\negatives\neg_US-Guy_set_an_alarm_00_27.wav,negative,0.000003,False
J:\CLAUDE\PROJECTS\Wakeword\eval_clean\negatives\neg_US-Guy_stop_playing_00_31.wav,negative,0.000000,False
J:\CLAUDE\PROJECTS\Wakeword\eval_clean\negatives\neg_US-Guy_thank_you_very_much_00_25.wav,negative,0.000000,False
J:\CLAUDE\PROJECTS\Wakeword\eval_clean\negatives\neg_US-Guy_the_weather_today_00_28.wav,negative,0.000000,False
J:\CLAUDE\PROJECTS\Wakeword\eval_clean\negatives\neg_US-Guy_turn_on_the_lights_00_23.wav,negative,0.000008,False
J:\CLAUDE\PROJECTS\Wakeword\eval_clean\negatives\neg_US-Guy_value_00_04.wav,negative,0.000068,False
J:\CLAUDE\PROJECTS\Wakeword\eval_clean\negatives\neg_US-Guy_vanilla_00_06.wav,negative,0.244455,False
J:\CLAUDE\PROJECTS\Wakeword\eval_clean\negatives\neg_US-Guy_victor_00_12.wav,negative,0.000013,False
J:\CLAUDE\PROJECTS\Wakeword\eval_clean\negatives\neg_US-Guy_video_00_13.wav,negative,0.000147,False
J:\CLAUDE\PROJECTS\Wakeword\eval_clean\negatives\neg_US-Guy_vienna_00_07.wav,negative,0.006182,False
J:\CLAUDE\PROJECTS\Wakeword\eval_clean\negatives\neg_US-Guy_vigor_00_19.wav,negative,0.000053,False
J:\CLAUDE\PROJECTS\Wakeword\eval_clean\negatives\neg_US-Guy_villa_00_05.wav,negative,0.089129,False
J:\CLAUDE\PROJECTS\Wakeword\eval_clean\negatives\neg_US-Guy_vinyl_00_10.wav,negative,0.005182,False
J:\CLAUDE\PROJECTS\Wakeword\eval_clean\negatives\neg_US-Guy_viola_instrument_00_00.wav,negative,0.000000,False
J:\CLAUDE\PROJECTS\Wakeword\eval_clean\negatives\neg_US-Guy_violent_00_01.wav,negative,0.000000,False
J:\CLAUDE\PROJECTS\Wakeword\eval_clean\negatives\neg_US-Guy_violet_00_02.wav,negative,0.000000,False
J:\CLAUDE\PROJECTS\Wakeword\eval_clean\negatives\neg_US-Guy_viper_00_17.wav,negative,0.000001,False
J:\CLAUDE\PROJECTS\Wakeword\eval_clean\negatives\neg_US-Guy_viral_00_18.wav,negative,0.000000,False
J:\CLAUDE\PROJECTS\Wakeword\eval_clean\negatives\neg_US-Guy_visa_00_08.wav,negative,0.000278,False
J:\CLAUDE\PROJECTS\Wakeword\eval_clean\negatives\neg_US-Guy_vision_00_11.wav,negative,0.000000,False
J:\CLAUDE\PROJECTS\Wakeword\eval_clean\negatives\neg_US-Guy_vital_00_09.wav,negative,0.000000,False
J:\CLAUDE\PROJECTS\Wakeword\eval_clean\negatives\neg_US-Guy_vivid_00_16.wav,negative,0.000000,False
J:\CLAUDE\PROJECTS\Wakeword\eval_clean\negatives\neg_US-Guy_vocal_00_14.wav,negative,0.000000,False
J:\CLAUDE\PROJECTS\Wakeword\eval_clean\negatives\neg_US-Guy_volume_00_03.wav,negative,0.000031,False
J:\CLAUDE\PROJECTS\Wakeword\eval_clean\negatives\neg_US-Guy_voyage_00_15.wav,negative,0.000000,False
J:\CLAUDE\PROJECTS\Wakeword\eval_clean\negatives\neg_US-Guy_what_is_the_news_00_37.wav,negative,0.000089,False
J:\CLAUDE\PROJECTS\Wakeword\eval_clean\negatives\neg_US-Guy_what_time_is_it_00_21.wav,negative,0.000000,False
J:\CLAUDE\PROJECTS\Wakeword\eval_clean\negatives\neg_US-Jenny_call_mom_01_34.wav,negative,0.000062,False
J:\CLAUDE\PROJECTS\Wakeword\eval_clean\negatives\neg_US-Jenny_can_you_hear_me_01_30.wav,negative,0.000000,False
J:\CLAUDE\PROJECTS\Wakeword\eval_clean\negatives\neg_US-Jenny_good_morning_01_24.wav,negative,0.000000,False
J:\CLAUDE\PROJECTS\Wakeword\eval_clean\negatives\neg_US-Jenny_hello_there_01_20.wav,negative,0.000000,False
J:\CLAUDE\PROJECTS\Wakeword\eval_clean\negatives\neg_US-Jenny_how_are_you_doing_01_26.wav,negative,0.000000,False
J:\CLAUDE\PROJECTS\Wakeword\eval_clean\negatives\neg_US-Jenny_i_need_help_01_29.wav,negative,0.000000,False
J:\CLAUDE\PROJECTS\Wakeword\eval_clean\negatives\neg_US-Jenny_navigate_home_01_36.wav,negative,0.000000,False
J:\CLAUDE\PROJECTS\Wakeword\eval_clean\negatives\neg_US-Jenny_next_song_please_01_32.wav,negative,0.001482,False
J:\CLAUDE\PROJECTS\Wakeword\eval_clean\negatives\neg_US-Jenny_open_the_door_01_33.wav,negative,0.000000,False
J:\CLAUDE\PROJECTS\Wakeword\eval_clean\negatives\neg_US-Jenny_play_some_music_01_22.wav,negative,0.000000,False
J:\CLAUDE\PROJECTS\Wakeword\eval_clean\negatives\neg_US-Jenny_read_my_emails_01_38.wav,negative,0.014322,False
J:\CLAUDE\PROJECTS\Wakeword\eval_clean\negatives\neg_US-Jenny_remind_me_later_01_39.wav,negative,0.000000,False
J:\CLAUDE\PROJECTS\Wakeword\eval_clean\negatives\neg_US-Jenny_send_a_message_01_35.wav,negative,0.000000,False
J:\CLAUDE\PROJECTS\Wakeword\eval_clean\negatives\neg_US-Jenny_set_an_alarm_01_27.wav,negative,0.000207,False
J:\CLAUDE\PROJECTS\Wakeword\eval_clean\negatives\neg_US-Jenny_stop_playing_01_31.wav,negative,0.000000,False
J:\CLAUDE\PROJECTS\Wakeword\eval_clean\negatives\neg_US-Jenny_thank_you_very_much_01_25.wav,negative,0.000000,False
J:\CLAUDE\PROJECTS\Wakeword\eval_clean\negatives\neg_US-Jenny_the_weather_today_01_28.wav,negative,0.000000,False
J:\CLAUDE\PROJECTS\Wakeword\eval_clean\negatives\neg_US-Jenny_turn_on_the_lights_01_23.wav,negative,0.000357,False
J:\CLAUDE\PROJECTS\Wakeword\eval_clean\negatives\neg_US-Jenny_value_01_04.wav,negative,0.000007,False
J:\CLAUDE\PROJECTS\Wakeword\eval_clean\negatives\neg_US-Jenny_vanilla_01_06.wav,negative,0.363448,False
J:\CLAUDE\PROJECTS\Wakeword\eval_clean\negatives\neg_US-Jenny_victor_01_12.wav,negative,0.000000,False
J:\CLAUDE\PROJECTS\Wakeword\eval_clean\negatives\neg_US-Jenny_video_01_13.wav,negative,0.000002,False
J:\CLAUDE\PROJECTS\Wakeword\eval_clean\negatives\neg_US-Jenny_vienna_01_07.wav,negative,0.001445,False
J:\CLAUDE\PROJECTS\Wakeword\eval_clean\negatives\neg_US-Jenny_vigor_01_19.wav,negative,0.000005,False
J:\CLAUDE\PROJECTS\Wakeword\eval_clean\negatives\neg_US-Jenny_villa_01_05.wav,negative,0.105942,False
J:\CLAUDE\PROJECTS\Wakeword\eval_clean\negatives\neg_US-Jenny_vinyl_01_10.wav,negative,0.000015,False
J:\CLAUDE\PROJECTS\Wakeword\eval_clean\negatives\neg_US-Jenny_viola_instrument_01_00.wav,negative,0.000000,False
J:\CLAUDE\PROJECTS\Wakeword\eval_clean\negatives\neg_US-Jenny_violent_01_01.wav,negative,0.000000,False
J:\CLAUDE\PROJECTS\Wakeword\eval_clean\negatives\neg_US-Jenny_violet_01_02.wav,negative,0.000000,False
J:\CLAUDE\PROJECTS\Wakeword\eval_clean\negatives\neg_US-Jenny_viper_01_17.wav,negative,0.000130,False
J:\CLAUDE\PROJECTS\Wakeword\eval_clean\negatives\neg_US-Jenny_viral_01_18.wav,negative,0.000024,False
J:\CLAUDE\PROJECTS\Wakeword\eval_clean\negatives\neg_US-Jenny_visa_01_08.wav,negative,0.000003,False
J:\CLAUDE\PROJECTS\Wakeword\eval_clean\negatives\neg_US-Jenny_vision_01_11.wav,negative,0.000000,False
J:\CLAUDE\PROJECTS\Wakeword\eval_clean\negatives\neg_US-Jenny_vital_01_09.wav,negative,0.000001,False
J:\CLAUDE\PROJECTS\Wakeword\eval_clean\negatives\neg_US-Jenny_vivid_01_16.wav,negative,0.000017,False
J:\CLAUDE\PROJECTS\Wakeword\eval_clean\negatives\neg_US-Jenny_vocal_01_14.wav,negative,0.000013,False
J:\CLAUDE\PROJECTS\Wakeword\eval_clean\negatives\neg_US-Jenny_volume_01_03.wav,negative,0.000010,False
J:\CLAUDE\PROJECTS\Wakeword\eval_clean\negatives\neg_US-Jenny_voyage_01_15.wav,negative,0.000000,False
J:\CLAUDE\PROJECTS\Wakeword\eval_clean\negatives\neg_US-Jenny_what_is_the_news_01_37.wav,negative,0.000255,False
J:\CLAUDE\PROJECTS\Wakeword\eval_clean\negatives\neg_US-Jenny_what_time_is_it_01_21.wav,negative,0.000000,False
